<?xml version="1.0" encoding="UTF-8"?><TaskRepositories OutputVersion="1"><TaskRepository kind="bugzilla" url="https://bugs.freedesktop.org" version="2.22" encoding="UTF-8" timezone="Europe/Paris" org.eclipse.mylyn.tasklist.repositories.proxy.usedefault="true" label="freedesktop" org.eclipse.mylyn.tasklist.repositories.anonymous="true"/><TaskRepository kind="bugzilla" url="http://bugzilla.kernel.org" version="2.22" encoding="UTF-8" timezone="Europe/Paris" org.eclipse.mylyn.tasklist.repositories.proxy.usedefault="true" label="Linux Kernel" org.eclipse.mylyn.tasklist.repositories.anonymous="true"/><TaskRepository kind="bugzilla" url="https://bugs.eclipse.org/bugs" version="2.22" encoding="UTF-8" timezone="Europe/Paris" org.eclipse.mylyn.tasklist.repositories.proxy.usedefault="true" label="Eclipse.org" org.eclipse.mylyn.tasklist.repositories.anonymous="true"/><TaskRepository kind="local" url="local" version="1" encoding="UTF-8" timezone="Europe/Paris" org.eclipse.mylyn.tasklist.repositories.proxy.usedefault="true" label="Local Tasks" org.eclipse.mylyn.tasklist.repositories.anonymous="true"/><TaskRepository kind="bugzilla" url="https://bugzilla.redhat.com" version="2.18" encoding="UTF-8" timezone="Europe/Paris" org.eclipse.mylyn.tasklist.repositories.proxy.usedefault="true" label="Red Hat" org.eclipse.mylyn.tasklist.repositories.anonymous="true"/><TaskRepository kind="bugzilla" url="http://issues.apache.org/bugzilla" version="2.18" encoding="UTF-8" timezone="Europe/Paris" org.eclipse.mylyn.tasklist.repositories.proxy.usedefault="true" label="Apache" org.eclipse.mylyn.tasklist.repositories.anonymous="true"/><TaskRepository kind="bugzilla" url="http://gcc.gnu.org/bugzilla" version="2.20" encoding="UTF-8" timezone="Europe/Paris" org.eclipse.mylyn.tasklist.repositories.proxy.usedefault="true" label="GCC" org.eclipse.mylyn.tasklist.repositories.anonymous="true"/><TaskRepository kind="bugzilla" url="https://bugzilla.mozilla.org" version="3.0" encoding="UTF-8" timezone="Europe/Paris" org.eclipse.mylyn.tasklist.repositories.proxy.usedefault="true" label="Mozilla" org.eclipse.mylyn.tasklist.repositories.anonymous="true"/></TaskRepositories>